Date,Open,High,Low,Close,Volume,Adj Close,Num_deals,Value,Change,Change_per
2014-06-19,49,49.3,48.8,48.8,"367,016",48.8,321,"18,002,259.00",-0.4,-0.81
2014-06-18,49.2,49.3,49,49.2,"209,939",49.2,248,"10,329,804.50",-0.1,-0.2
2014-06-17,49.5,49.5,49.2,49.3,"545,583",49.3,418,"26,914,481.25",-0.4,-0.8
2014-06-16,50,50.2,49.5,49.7,"438,009",49.7,364,"21,848,671.75",-0.55,-1.09
2014-06-15,50.25,50.5,50,50.25,"462,836",50.25,271,"23,249,079.50",0,0
2014-06-12,50.2,50.75,50,50.25,"635,792",50.25,412,"32,035,013.25",0.05,0.1
2014-06-11,50,50.75,49.8,50.2,"1,281,827",50.2,478,"64,353,715.25",0.2,0.4
2014-06-10,50,50.25,49.7,50,"467,972",50,308,"23,386,949.00",-0.2,-0.4
2014-06-09,50.2,50.2,49.8,50.2,"468,326",50.2,253,"23,435,770.00",0,0
2014-06-08,50.25,50.75,50.2,50.2,"264,479",50.2,173,"13,337,469.00",0,0
2014-06-05,50.25,50.75,50.2,50.2,"138,239",50.2,141,"6,968,666.25",-0.05,-0.1
2014-06-04,50.25,50.75,50.2,50.25,"470,673",50.25,222,"23,740,482.75",-0.25,-0.5
2014-06-03,51.25,51.25,50.25,50.5,"609,158",50.5,308,"30,853,236.75",-0.75,-1.46
2014-06-02,51.5,51.75,51.25,51.25,"330,149",51.25,197,"16,986,345.75",-0.25,-0.49
2014-06-01,51.5,52.25,51,51.5,"1,736,922",51.5,546,"89,623,037.50",0.25,0.49
2014-05-29,50.75,52.25,50.75,51.25,"2,358,474",51.25,720,"121,480,849.00",0.5,0.99
2014-05-28,50,51.25,49.8,50.75,"838,902",50.75,563,"42,441,638.00",0.75,1.5
2014-05-27,49.8,50,49.8,50,"532,266",50,287,"26,596,535.50",0.2,0.4
2014-05-26,49.3,49.8,49.2,49.8,"482,616",49.8,277,"23,893,807.75",0.3,0.61
2014-05-25,49.7,49.7,49.2,49.5,"386,243",49.5,291,"19,082,359.50",-0.2,-0.4
2014-05-22,50,50.2,49.3,49.7,"611,036",49.7,443,"30,377,343.25",-0.1,-0.2
2014-05-21,49.8,50.2,49.3,49.8,"879,092",49.8,565,"43,858,436.75",0.1,0.2
2014-05-20,49,49.7,49,49.7,"814,727",49.7,530,"40,190,943.25",0.4,0.81
2014-05-19,49.3,49.5,48.8,49.3,"450,566",49.3,438,"22,192,511.50",0,0
2014-05-18,49.2,49.7,49,49.3,"878,553",49.3,518,"43,361,334.25",0.5,1.02
2014-05-15,49.8,50.5,48.3,48.8,"1,437,831",48.8,718,"70,766,613.75",-1.2,-2.4
2014-05-14,51.25,51.25,50,50,"1,446,911",50,886,"73,099,949.00",-1.5,-2.91
2014-05-13,51.5,51.75,51.25,51.5,"791,327",51.5,614,"40,758,993.00",0.25,0.49
2014-05-12,51.25,52,51,51.25,"1,490,391",51.25,612,"76,795,348.25",0,0
2014-05-11,51,51.75,50.75,51.25,"382,958",51.25,378,"19,642,034.75",0.25,0.49
2014-05-08,53,53.25,50,51,"908,387",51,941,"46,562,290.75",-2.5,-4.67
2014-05-07,54.5,54.5,52.75,53.5,"340,349",53.5,443,"18,279,479.75",-1.25,-2.28
2014-05-06,54.25,55,54.25,54.75,"502,535",54.75,398,"27,410,380.50",0,0
2014-05-05,54.75,55.25,54.75,54.75,"469,371",54.75,393,"25,764,123.25",0,0
2014-05-04,55.25,56.75,54.5,54.75,"1,212,983",54.75,786,"66,769,454.25",-0.5,-0.9
2014-05-01,54.75,57.25,54.5,55.25,"1,942,799",55.25,"1,194","107,588,979.50",0.5,0.91
2014-04-30,54.75,55.25,54.25,54.75,"1,814,429",54.75,"1,120","99,440,202.00",0,0
2014-04-29,54,56.25,53.25,54.75,"1,822,040",54.75,"1,101","100,049,022.75",1,1.86
2014-04-28,55.25,55.25,53.25,53.75,"477,840",53.75,454,"25,739,432.25",-1.5,-2.71
2014-04-27,53.5,55.75,53.25,55.25,"997,238",55.25,562,"54,271,834.25",1.5,2.79
2014-04-24,54,54,52.75,53.75,"346,592",53.75,433,"18,510,971.00",-0.25,-0.46
2014-04-23,53.25,56,52.25,54,"1,594,407",54,"1,005","87,005,304.00",2.75,5.37
2014-04-22,56,59.25,51.25,51.25,"1,405,644",51.25,"1,150","75,266,860.75",-5.75,-10.09
2014-04-21,56.75,58,54.75,57,"963,291",57,761,"54,278,195.50",-0.25,-0.44
2014-04-20,59.25,59.25,56,57.25,"1,220,579",57.25,"1,152","70,902,951.25",-3,-4.98
2014-04-17,63.25,63.25,59.75,60.25,"2,381,271",60.25,"2,152","144,603,693.00",-3.5,-5.49
2014-04-16,64.25,64.25,63.25,63.75,"353,234",63.75,410,"22,517,644.50",-0.5,-0.78
2014-04-15,64.75,64.75,63.25,64.25,"902,081",64.25,777,"57,952,062.50",-0.5,-0.77
2014-04-14,64.25,65.25,62.75,64.75,"1,129,323",64.75,"1,105","72,174,323.75",0.5,0.78
2014-04-13,66.25,68,64.25,64.25,"1,539,969",64.25,"1,367","102,021,395.75",-2,-3.02
2014-04-10,66.75,68,65.25,66.25,"1,446,798",66.25,"1,206","96,661,056.25",-0.5,-0.75
2014-04-09,62.75,66.75,62.75,66.75,"1,859,514",66.75,"1,393","120,308,825.50",2.25,3.49
2014-04-08,65.25,65.25,64.25,64.5,"671,108",64.5,519,"43,411,376.75",-0.25,-0.39
2014-04-07,65,66,64,64.75,"767,835",64.75,702,"50,005,292.25",0,0
2014-04-06,63.25,66.5,61.75,64.75,"1,844,693",64.75,"1,205","117,978,017.25",1.5,2.37
2014-04-03,61.25,63.25,60,63.25,"1,153,713",63.25,726,"71,452,143.75",2.25,3.69
2014-04-02,60.75,62.25,60.25,61,"655,712",61,531,"40,102,859.50",-0.75,-1.21
2014-04-01,62.75,63,61.5,61.75,"623,042",61.75,444,"38,755,897.00",-1,-1.59
2014-03-31,63.5,64.25,62.25,62.75,"579,183",62.75,575,"36,663,411.25",-1.25,-1.95
2014-03-30,51.25,52,51,51.25,"724,596",51.25,520,"37,328,310.25",0,0
2014-03-27,51,52,50.75,51.25,"1,563,110",51.25,830,"80,313,861.75",0.5,0.99
2014-03-26,50.75,51,50.25,50.75,"638,642",50.75,491,"32,414,044.75",-0.25,-0.49
2014-03-25,50.75,51.25,50.75,51,"590,199",51,514,"30,028,129.75",0.25,0.49
2014-03-24,50.5,50.75,50.25,50.75,"223,704",50.75,254,"11,299,983.75",0.25,0.5
2014-03-23,50.75,51,50.2,50.5,"829,091",50.5,565,"42,003,349.00",-0.25,-0.49
2014-03-20,50.75,51.25,50.5,50.75,"792,830",50.75,501,"40,313,609.50",0,0
2014-03-19,50.75,51.25,50.75,50.75,"510,305",50.75,469,"26,026,103.75",0,0
2014-03-18,51.75,51.75,50.75,50.75,"690,278",50.75,530,"35,276,729.00",-1,-1.93
2014-03-17,51.25,51.75,51,51.75,"509,016",51.75,411,"26,068,014.50",0.5,0.98
2014-03-16,50.75,51.25,50.5,51.25,"414,456",51.25,325,"21,074,243.50",0.25,0.49
2014-03-13,51.75,52.25,50.75,51,"270,293",51,275,"13,898,544.75",-0.75,-1.45
2014-03-12,51.75,52.25,51.25,51.75,"207,662",51.75,231,"10,764,188.75",-0.5,-0.96
2014-03-11,52.25,52.25,51.25,52.25,"727,151",52.25,471,"37,721,576.75",0,0
2014-03-10,52.75,52.75,52.25,52.25,"174,600",52.25,242,"9,159,580.75",-0.75,-1.42
2014-03-09,53,53.25,52.25,53,"294,167",53,343,"15,556,226.00",0,0
2014-03-06,53,53.75,52.75,53,"628,928",53,460,"33,470,214.25",0,0
2014-03-05,52,53.25,51.75,53,"871,865",53,476,"45,816,553.00",0.25,0.47
2014-03-04,52.25,52.75,51.5,52.75,"369,159",52.75,347,"19,221,998.75",0.75,1.44
2014-03-03,50.75,52,50.75,52,"942,819",52,471,"48,370,666.50",1,1.96
2014-03-02,51.5,51.75,50.75,51,"360,933",51,284,"18,468,723.75",-0.25,-0.49
2014-02-27,51.25,51.75,50.75,51.25,"1,511,109",51.25,496,"77,613,990.50",0,0
2014-02-26,50.25,51.5,50.25,51.25,"747,371",51.25,381,"38,240,390.50",0.5,0.99
2014-02-25,50.5,51.25,50.5,50.75,"561,642",50.75,334,"28,546,995.25",0.25,0.5
2014-02-24,50.5,50.75,50,50.5,"411,833",50.5,366,"20,719,436.75",0.25,0.5
2014-02-23,50,50.5,49.7,50.25,"151,583",50.25,169,"7,589,949.00",-0.5,-0.99
2014-02-20,50,50.75,49.7,50.75,"207,813",50.75,188,"10,408,368.00",0.75,1.5
2014-02-19,49.7,50.5,49.3,50,"513,911",50,300,"25,696,839.25",0.2,0.4
2014-02-18,49.8,50,49.7,49.8,"305,990",49.8,188,"15,279,014.00",0.1,0.2
2014-02-17,50,50,49.3,49.7,"236,463",49.7,205,"11,721,569.75",-0.3,-0.6
2014-02-16,49.3,50.5,48.7,50,"935,543",50,573,"46,589,301.25",-1.75,-3.38
2014-02-13,52.25,52.25,51.25,51.75,"290,103",51.75,354,"15,007,986.25",0,0
2014-02-12,52,52.75,51.75,51.75,"492,858",51.75,324,"25,691,664.25",0,0
2014-02-11,51.75,51.75,51.5,51.75,"101,424",51.75,121,"5,239,267.00",0.25,0.49
2014-02-10,52,52.25,51.25,51.5,"395,751",51.5,267,"20,470,981.75",-0.5,-0.96
2014-02-09,52.25,52.25,51.75,52,"253,923",52,246,"13,208,540.00",-0.25,-0.48
2014-02-06,53.25,53.25,52,52.25,"485,457",52.25,421,"25,482,118.50",-1,-1.88
2014-02-05,53.75,54,53,53.25,"580,928",53.25,406,"31,055,525.25",0,0
2014-02-04,53.25,53.75,53.25,53.25,"183,914",53.25,215,"9,828,406.25",0,0
2014-02-03,53.25,53.25,53,53.25,"225,288",53.25,256,"11,973,092.75",0.25,0.47
2014-02-02,53.75,54,53,53,"331,368",53,297,"17,779,159.50",-0.75,-1.4
2014-01-30,54.25,54.25,53.5,53.75,"393,491",53.75,386,"21,163,460.25",-0.75,-1.38
2014-01-29,54.25,54.75,53.75,54.5,"720,264",54.5,529,"39,064,937.00",0.5,0.93
2014-01-28,53.75,54.25,53.75,54,"335,406",54,312,"18,135,752.25",0,0
2014-01-27,53.25,54,53.25,54,"435,656",54,388,"23,349,488.00",-0.25,-0.46
2014-01-26,54.25,54.75,53.5,54.25,"601,415",54.25,510,"32,573,598.50",0,0
2014-01-23,53.75,54.5,53.75,54.25,"378,692",54.25,296,"20,456,313.00",0,0
2014-01-22,54.5,54.5,53.75,54.25,"317,390",54.25,376,"17,166,237.50",0,0
2014-01-21,55.25,55.5,54.25,54.25,"720,468",54.25,652,"39,421,192.25",-1,-1.81
2014-01-20,54.75,55.75,54.75,55.25,"760,251",55.25,561,"41,952,996.50",0.25,0.45
2014-01-19,56.25,56.25,55,55,"808,965",55,631,"44,866,869.25",-1.75,-3.08
2014-01-16,56.25,57.75,55.75,56.75,"933,432",56.75,695,"52,644,808.75",1,1.79
2014-01-15,53.5,55.75,53.25,55.75,"952,599",55.75,659,"51,578,389.50",1.75,3.24
2014-01-14,53,54.25,52.75,54,"295,772",54,303,"15,826,508.00",1.25,2.37
2014-01-13,52.5,53,52.25,52.75,"217,583",52.75,214,"11,452,258.50",0.25,0.48
2014-01-12,52.75,53,52.25,52.5,"277,596",52.5,222,"14,619,190.25",-0.25,-0.47
2014-01-09,52,52.75,51.75,52.75,"303,500",52.75,270,"15,873,301.25",0.5,0.96
2014-01-08,51.75,52.5,51.5,52.25,"445,494",52.25,312,"23,188,199.75",0.25,0.48
2014-01-07,51.25,52.25,51.25,52,"355,724",52,385,"18,460,553.00",0.75,1.46
2014-01-06,51.75,51.75,50.75,51.25,"258,992",51.25,322,"13,295,561.00",0,0
2014-01-05,49.7,49.7,49.5,49.7,"86,454",49.7,124,"4,290,329.50",0,0
2014-01-02,49.5,49.7,49,49.7,"253,962",49.7,150,"12,544,170.50",0.2,0.4
2014-01-01,49.5,49.7,49,49.5,"374,504",49.5,284,"18,496,827.50",0,0
2013-12-31,49.8,49.8,49.2,49.5,"250,250",49.5,207,"12,374,666.50",-0.2,-0.4
2013-12-30,49.7,49.8,49.3,49.7,"108,894",49.7,102,"5,401,939.25",0.2,0.4
2013-12-29,49.8,49.8,49.3,49.5,"76,574",49.5,69,"3,795,945.50",-0.3,-0.6
2013-12-26,49.7,49.8,48.8,49.8,"160,008",49.8,144,"7,912,365.25",0,0
2013-12-25,49.8,50,49.3,49.8,"213,645",49.8,226,"10,598,506.00",0,0
2013-12-24,50.2,51,49.8,49.8,"227,822",49.8,191,"11,498,636.25",-0.4,-0.8
2013-12-23,50,50.2,50,50.2,"188,205",50.2,143,"9,416,740.00",0,0
2013-12-22,50.5,50.75,49.7,50.2,"138,987",50.2,157,"6,979,498.50",-0.3,-0.59
2013-12-19,50.2,50.75,50,50.5,"136,061",50.5,167,"6,850,734.75",0.5,1
2013-12-18,50.2,50.2,49.7,50,"115,571",50,163,"5,783,350.50",-0.25,-0.5
2013-12-17,50.75,51.25,49.5,50.25,"156,780",50.25,173,"7,921,345.00",-1,-1.95
2013-12-16,50.25,51.25,50.2,51.25,"167,153",51.25,202,"8,461,817.50",0.75,1.49
2013-12-15,51,51.25,50.2,50.5,"586,862",50.5,227,"29,587,277.25",-0.75,-1.46
2013-12-12,51.75,52,51.25,51.25,"158,372",51.25,198,"8,166,128.00",-0.5,-0.97
2013-12-11,51.5,52,51.5,51.75,"235,464",51.75,194,"12,177,929.50",0,0
2013-12-10,51.75,52,51.5,51.75,"145,560",51.75,143,"7,527,558.75",0,0
2013-12-09,51.5,52,51.5,51.75,"150,842",51.75,176,"7,804,241.00",0,0
2013-12-08,51.5,51.75,51,51.75,"452,295",51.75,340,"23,296,945.75",0,0
2013-12-05,52,52.25,51.5,51.75,"291,783",51.75,229,"15,091,662.75",0,0
2013-12-04,52,52,51.5,51.75,"228,771",51.75,174,"11,843,540.50",0,0
2013-12-03,52,52.25,51.75,51.75,"268,356",51.75,222,"13,949,382.00",-0.5,-0.96
2013-12-02,51.75,52.25,51.25,52.25,"255,570",52.25,174,"13,245,939.00",0.5,0.97
2013-12-01,51.5,52.75,51.5,51.75,"414,092",51.75,272,"21,601,753.75",0.5,0.98
2013-11-28,51.25,51.5,51,51.25,"182,279",51.25,149,"9,338,675.50",0,0
2013-11-27,51.25,51.75,51,51.25,"318,875",51.25,181,"16,377,016.00",0.25,0.49
2013-11-26,50.75,52,50.75,51,"893,588",51,402,"46,040,458.25",0.25,0.49
2013-11-25,50.75,51.25,50.5,50.75,"447,972",50.75,349,"22,758,186.25",0,0
2013-11-24,64.25,65.25,63.75,64,"1,021,337",64,700,"65,924,152.75",-0.75,-1.16
2013-11-21,64.75,64.75,62.75,64.75,"791,937",64.75,826,"50,465,116.25",0,0
2013-11-20,65.5,66.25,64.25,64.75,"729,449",64.75,763,"47,576,559.25",-0.75,-1.15
2013-11-19,68,68.25,64.75,65.5,"1,852,394",65.5,"1,396","123,078,015.75",-2.75,-4.03
2013-11-18,68.25,70.75,67.5,68.25,"1,463,505",68.25,"1,298","100,607,068.75",0.5,0.74
2013-11-17,67.75,68.75,66,67.75,"2,053,643",67.75,"1,770","138,499,610.75",-0.25,-0.37
2013-11-14,65.5,69.5,65.25,68,"1,503,228",68,"1,414","101,533,362.75",2.75,4.21
2013-11-13,66.75,69.25,64.75,65.25,"2,449,929",65.25,"2,252","163,807,180.00",0.75,1.16
2013-11-12,59,64.5,59,64.5,"5,257,191",64.5,"2,210","327,611,212.00",5.75,9.79
2013-11-11,57.75,59.25,57.75,58.75,"1,769,498",58.75,877,"103,521,210.75",1,1.73
2013-11-10,57.25,59.25,57,57.75,"1,829,955",57.75,716,"106,164,532.50",0.5,0.87
2013-11-07,58,58.25,56.75,57.25,"578,316",57.25,493,"33,284,145.25",-0.25,-0.43
2013-11-06,56.75,58.25,56.75,57.5,"1,628,297",57.5,725,"93,309,144.00",0.75,1.32
2013-11-05,56.5,57.25,56.25,56.75,"952,166",56.75,529,"54,076,524.75",0.25,0.44
2013-11-04,57.5,57.5,55.5,56.5,"1,166,015",56.5,643,"65,781,146.25",-0.5,-0.88
2013-11-03,56.75,57.25,56.5,57,"372,306",57,321,"21,204,620.50",0.25,0.44
2013-10-31,56.75,57,56.25,56.75,"170,246",56.75,223,"9,653,276.75",0,0
2013-10-30,57.25,57.75,56.25,56.75,"700,775",56.75,476,"39,851,741.50",-0.5,-0.87
2013-10-29,57.75,57.75,56.75,57.25,"608,748",57.25,531,"34,807,097.50",-0.75,-1.29
2013-10-28,58,58.25,57.25,58,"625,799",58,541,"36,092,878.25",-0.75,-1.28
2013-10-27,58.5,59,57.25,58.75,"723,167",58.75,564,"42,050,717.25",0.5,0.86
2013-10-24,57.25,59,56.75,58.25,"1,644,741",58.25,"1,067","95,282,652.00",1,1.75
2013-10-23,57.25,58,56.75,57.25,"613,355",57.25,476,"35,157,835.25",0.5,0.88
2013-10-22,52.75,53.25,52.5,52.75,"414,651",52.75,293,"21,914,771.75",0,0
2013-10-21,52.75,53.25,52.5,52.75,"461,850",52.75,291,"24,374,031.00",-0.5,-0.94
2013-10-20,53.25,53.75,52.75,53.25,"355,293",53.25,311,"18,946,402.75",0,0
2013-10-10,52.75,54,52.75,53.25,"805,785",53.25,507,"42,998,398.00",0.5,0.95
2013-10-09,51.75,53,51.75,52.75,"718,818",52.75,409,"37,724,108.00",1,1.93
2013-10-08,51.75,52.25,51.25,51.75,"512,439",51.75,361,"26,525,145.00",0,0
2013-10-07,52,52.25,51.75,51.75,"200,556",51.75,203,"10,414,705.50",-0.25,-0.48
2013-10-06,51.25,52.5,51.25,52,"615,849",52,434,"31,965,199.50",0.75,1.46
2013-10-03,51.25,51.75,50.25,51.25,"565,926",51.25,463,"28,881,045.00",0,0
2013-10-02,51,52,50.75,51.25,"1,373,316",51.25,751,"70,807,144.75",0.25,0.49
2013-10-01,50.2,51.25,49.7,51,"1,037,643",51,644,"52,254,997.25",1,2
2013-09-30,56,58.25,54.75,56.75,"1,504,317",56.75,890,"85,300,739.50",1,1.79
2013-09-29,54,57,54,55.75,"1,542,861",55.75,750,"86,455,795.25",1.5,2.76
2013-09-26,54,54.25,53.75,54.25,"263,514",54.25,222,"14,236,338.00",0.5,0.93
2013-09-25,53.25,54.25,53,53.75,"617,387",53.75,542,"33,242,947.25",0.75,1.42
2013-09-24,52.75,53.75,52.75,53,"357,945",53,286,"19,043,903.25",0.25,0.47
2013-09-19,52.75,53.75,52.5,52.75,"546,639",52.75,379,"29,037,885.25",0,0
2013-09-18,52.75,53.25,52.75,52.75,"241,677",52.75,228,"12,772,915.75",0,0
2013-09-17,50,50.25,49.7,50,"478,602",50,273,"23,973,085.50",0,0
2013-09-16,49.3,50.2,49.3,50,"1,043,222",50,568,"51,971,683.75",0.8,1.63
2013-09-15,49.2,49.3,49,49.2,"187,676",49.2,219,"9,221,433.00",0,0
2013-09-12,49.5,49.5,49,49.2,"955,469",49.2,558,"47,095,742.50",-0.6,-1.2
2013-09-11,49.5,49.8,49.2,49.8,"416,979",49.8,275,"20,608,377.75",0.1,0.2
2013-09-10,49.8,49.8,49.5,49.7,"202,020",49.7,166,"10,024,904.25",-0.1,-0.2
2013-09-09,49.5,50.2,49.3,49.8,"484,635",49.8,327,"24,167,110.50",0.5,1.01
2013-09-08,49.3,50.25,49,49.3,"741,233",49.3,570,"36,743,983.25",0.5,1.02
2013-09-05,48.7,49.2,48,48.8,"819,237",48.8,551,"39,598,713.25",0.1,0.21
2013-09-04,49.3,49.3,48.5,48.7,"252,423",48.7,278,"12,342,864.00",-0.6,-1.22
2013-09-03,49.3,49.7,49.2,49.3,"79,088",49.3,110,"3,906,200.25",0.1,0.2
2013-09-02,49.5,49.7,49,49.2,"101,381",49.2,116,"5,001,870.50",-0.1,-0.2
2013-09-01,49.5,50,49.3,49.3,"179,543",49.3,128,"8,921,731.25",-0.4,-0.8
2013-08-29,49.5,50.25,49.5,49.7,"298,133",49.7,174,"14,839,736.00",0,0
2013-08-28,49.3,50,49.3,49.7,"100,139",49.7,103,"4,975,443.75",0.4,0.81
2013-08-27,49.2,49.3,49,49.3,"56,036",49.3,88,"2,759,201.50",0.1,0.2
2013-08-26,49.5,49.5,49.2,49.2,"131,930",49.2,157,"6,506,610.50",-0.5,-1.01
2013-08-25,50,50,49.3,49.7,"117,354",49.7,127,"5,824,773.00",-0.3,-0.6
2013-08-22,49.7,50,49.7,50,"163,361",50,152,"8,140,756.00",0.3,0.6
2013-08-21,51,51.25,50.75,50.75,"247,215",50.75,177,"12,578,565.25",0,0
2013-08-20,51,51.25,50.75,50.75,"148,028",50.75,124,"7,523,840.00",-0.25,-0.49
2013-08-19,51.25,51.25,50.75,51,"219,120",51,187,"11,156,894.75",-0.25,-0.49
2013-08-18,50.75,51.5,50.75,51.25,"344,406",51.25,238,"17,565,167.25",0.5,0.99
2013-08-15,50.75,50.75,50.5,50.75,"112,587",50.75,97,"5,710,968.50",0.25,0.5
2013-08-14,50.75,51.25,50.5,50.5,"226,634",50.5,135,"11,530,246.00",-0.25,-0.49
2013-08-13,50.25,50.75,50.2,50.75,"28,103",50.75,69,"1,420,988.25",0.25,0.5
2013-08-05,51,51.25,50,50.5,"207,377",50.5,118,"10,481,198.50",-0.25,-0.49
2013-08-04,51.25,51.25,50.5,50.75,"298,022",50.75,198,"15,156,136.50",-0.75,-1.46
2013-08-01,51.75,51.75,51.25,51.5,"165,641",51.5,139,"8,526,188.75",0,0
2013-07-31,50.5,51.75,50.5,51.5,"237,312",51.5,155,"12,196,301.25",0.75,1.48
2013-07-30,50.2,51.75,50.2,50.75,"325,901",50.75,273,"16,660,048.50",0.25,0.5
2013-07-29,50,50.75,49.8,50.5,"465,171",50.5,310,"23,447,416.50",0.8,1.61
2013-07-28,48.8,50,48.8,49.7,"428,814",49.7,294,"21,219,434.00",0.5,1.02
2013-07-25,49,49.3,48.3,49.2,"232,946",49.2,181,"11,411,167.75",0.2,0.41
2013-07-24,49.5,49.5,48.8,49,"223,716",49,181,"11,005,872.00",-0.5,-1.01
2013-07-23,49.3,49.8,49.3,49.5,"356,174",49.5,234,"17,688,339.75",0,0
2013-07-22,50,50,49.3,49.5,"319,574",49.5,265,"15,802,549.50",-0.3,-0.6
2013-07-21,50.25,50.75,49.5,49.8,"368,165",49.8,278,"18,455,404.25",-0.4,-0.8
2013-07-18,49.5,50.75,49.5,50.2,"636,608",50.2,461,"31,808,081.50",0.4,0.8
2013-07-17,49.5,49.8,49,49.8,"390,197",49.8,404,"19,260,288.50",0.5,1.01
2013-07-16,49.2,49.7,49,49.3,"519,365",49.3,429,"25,667,913.75",0.1,0.2
2013-07-15,49.8,49.8,48.7,49.2,"478,661",49.2,469,"23,561,004.75",-0.5,-1.01
2013-07-14,48.3,50,48,49.7,"1,010,616",49.7,737,"49,611,626.50",1.4,2.9
2013-07-11,48.5,48.8,48,48.3,"535,391",48.3,448,"25,924,973.25",-0.5,-1.02
2013-07-10,48.8,49.2,48.5,48.8,"349,914",48.8,313,"17,063,995.25",0,0
2013-07-09,47.7,48.8,47.7,48.8,"785,352",48.8,498,"38,105,121.50",1.1,2.31
2013-07-08,47,48,47,47.7,"569,348",47.7,468,"27,141,678.00",1,2.14
2013-07-07,47,47.7,46.7,46.7,"481,956",46.7,378,"22,763,248.00",-0.5,-1.06
2013-07-04,46.7,47.3,46.7,47.2,"531,527",47.2,438,"24,976,860.25",0.4,0.85
2013-07-03,54.25,54.75,53.25,53.75,"736,925",53.75,363,"39,988,246.75",0,0
2013-07-02,52.75,54,52.75,53.75,"269,298",53.75,222,"14,418,104.25",1,1.9
2013-07-01,52.75,53.25,52.25,52.75,"168,488",52.75,162,"8,873,416.75",0,0
2013-06-30,52,53.25,52,52.75,"319,595",52.75,279,"16,786,669.25",0.75,1.44
2013-06-26,51.75,52.75,51.75,52,"237,600",52,257,"12,390,054.50",0.25,0.48
2013-06-25,51.75,52,51.5,51.75,"223,560",51.75,202,"11,587,613.25",0,0
2013-06-24,52.25,52.25,50.75,51.75,"372,239",51.75,322,"19,184,886.00",-0.75,-1.43
2013-06-23,53,53.25,51.5,52.5,"147,288",52.5,153,"7,740,066.25",-0.25,-0.47
2013-06-22,52.25,52.75,51.5,52.75,"296,990",52.75,186,"15,425,537.25",1.25,2.43
2013-06-19,51.25,52,50.75,51.5,"131,712",51.5,146,"6,787,352.25",0.25,0.49
2013-06-18,50.75,52,50.75,51.25,"145,158",51.25,180,"7,452,399.25",0,0
2013-06-17,51.75,52.75,51.25,51.25,"190,710",51.25,228,"9,888,222.50",-0.5,-0.97
2013-06-16,52.25,52.75,51.75,51.75,"213,299",51.75,195,"11,180,755.25",-1,-1.9
2013-06-15,53,53,52,52.75,"202,662",52.75,176,"10,623,017.75",0,0
2013-06-12,52.25,53,52,52.75,"197,049",52.75,201,"10,354,781.25",0.5,0.96
2013-06-11,53,53.25,51.75,52.25,"415,289",52.25,308,"21,730,044.50",-0.5,-0.95
2013-06-10,50.75,53.25,50.75,52.75,"587,154",52.75,456,"30,740,718.75",2,3.94
2013-06-09,50.2,51,49.5,50.75,"404,709",50.75,381,"20,381,780.50",0.95,1.91
2013-06-08,48.5,50.75,48.5,49.8,"665,330",49.8,499,"33,352,363.50",1,2.05
2013-06-05,49.8,50.5,48.7,48.8,"309,290",48.8,287,"15,411,110.00",-1.2,-2.4
2013-06-04,50,50.25,48.7,50,"317,225",50,319,"15,747,493.75",0,0
2013-06-03,50.2,50.75,49.7,50,"148,377",50,201,"7,442,189.25",-0.5,-0.99
2013-06-02,51.25,51.75,50.5,50.5,"322,686",50.5,372,"16,426,060.25",-0.25,-0.49
2013-06-01,51.25,51.25,50,50.75,"171,612",50.75,208,"8,690,006.75",0.25,0.5
2013-05-29,50.75,51.25,50.2,50.5,"218,867",50.5,266,"11,134,326.25",-0.25,-0.49
2013-05-28,50,51.25,48.3,50.75,"422,856",50.75,386,"21,181,941.25",0.5,1
2013-05-27,52.75,54.75,50,50.25,"731,142",50.25,788,"38,502,762.75",-3,-5.63
2013-05-26,53.25,55,52,53.25,"701,441",53.25,737,"37,490,574.75",-1,-1.84
2013-05-25,53.75,55,53.75,54.25,"456,743",54.25,446,"24,808,288.00",0,0
2013-05-22,55.25,55.25,53.25,54.25,"649,260",54.25,565,"35,352,067.75",-0.75,-1.36
2013-05-21,47.5,47.7,46.7,46.8,"723,293",46.8,505,"34,093,428.50",-0.7,-1.47
2013-05-20,48.5,48.5,47.3,47.5,"577,986",47.5,406,"27,605,449.00",-0.7,-1.45
2013-05-19,48.3,48.7,48,48.2,"295,046",48.2,281,"14,236,784.00",-0.5,-1.03
2013-05-18,49,49.5,48.5,48.7,"686,859",48.7,515,"33,674,749.00",-0.6,-1.22
2013-05-15,49.3,50,48.7,49.3,"663,140",49.3,565,"32,709,550.25",0.1,0.2
2013-05-14,49.5,49.5,49,49.2,"146,825",49.2,151,"7,239,533.25",-0.3,-0.61
2013-05-13,48.7,49.7,48.2,49.5,"396,168",49.5,211,"19,427,617.75",0.7,1.43
2013-05-12,49.8,49.8,48.7,48.8,"127,079",48.8,170,"6,237,202.75",-0.5,-1.01
2013-05-11,49,50,49,49.3,"373,005",49.3,303,"18,412,115.50",0,0
2013-05-08,49.2,49.8,48.8,49.3,"64,632",49.3,97,"3,193,009.00",-0.7,-1.4
2013-05-07,47.7,50.2,47.7,50,"218,151",50,199,"10,788,971.50",1.5,3.09
2013-05-06,50,50,47.8,48.5,"210,339",48.5,220,"10,224,423.25",-1.5,-3
2013-05-05,50.5,50.5,49.7,50,"92,042",50,125,"4,621,481.50",0.2,0.4
2013-05-04,51.25,51.25,49.3,49.8,"227,117",49.8,185,"11,398,894.75",-1.7,-3.3
2013-05-01,52.5,53.5,51.25,51.5,"338,295",51.5,317,"17,656,031.50",-1.25,-2.37
2013-04-30,53,53.25,52.25,52.75,"82,806",52.75,145,"4,386,188.50",-0.5,-0.94
2013-04-29,52.5,53.75,52.5,53.25,"346,365",53.25,220,"18,362,177.50",1,1.91
2013-04-28,52.75,52.75,52.25,52.25,"153,630",52.25,133,"8,064,154.75",0,0
2013-04-27,52.75,52.75,52.25,52.25,"131,001",52.25,147,"6,866,208.75",-0.25,-0.48
2013-04-24,52.5,53.25,52.25,52.5,"99,713",52.5,136,"5,260,309.00",-0.25,-0.47
2013-04-23,52,52.75,51.75,52.75,"153,980",52.75,162,"8,094,317.75",1,1.93
2013-04-22,52.75,52.75,51.5,51.75,"172,824",51.75,135,"8,976,009.75",-0.5,-0.96
2013-04-21,52.25,53.25,51.25,52.25,"302,594",52.25,254,"15,811,052.75",0,0
2013-04-20,52.75,53.25,52,52.25,"233,738",52.25,222,"12,293,497.00",-0.25,-0.48
2013-04-17,53.25,53.25,52.5,52.5,"166,775",52.5,192,"8,811,310.25",-0.75,-1.41
2013-04-16,53.5,53.75,52.75,53.25,"273,258",53.25,232,"14,580,826.75",-0.5,-0.93
2013-04-15,54.5,54.75,53.5,53.75,"467,099",53.75,368,"25,208,315.75",-0.75,-1.38
2013-04-14,54.25,56.5,53.75,54.5,"1,059,180",54.5,882,"58,311,451.75",0.25,0.46
2013-04-13,55,55,54.25,54.25,"355,002",54.25,243,"19,431,521.25",-0.75,-1.36
2013-04-10,53.75,55.75,53.25,55,"628,946",55,457,"34,475,826.00",1.25,2.33
2013-04-09,51,53.75,50.75,53.5,"975,965",53.5,801,"51,136,458.50",1.5,2.88
2013-04-08,50.25,52.75,48.8,52,"1,268,490",52,965,"64,927,979.50",0.75,1.46
2013-04-07,52,52,49.5,51.25,"1,104,210",51.25,753,"55,872,602.75",-0.5,-0.97
2013-04-06,51.75,52.75,51.25,51.75,"856,692",51.75,561,"44,588,075.25",-0.25,-0.48
2013-04-03,51.25,52,51,52,"221,526",52,236,"11,412,789.50",0.75,1.46
2013-04-02,52.25,52.25,51,51.25,"377,288",51.25,384,"19,470,634.50",-1,-1.91
2013-04-01,51.5,52.5,51.5,52.25,"546,759",52.25,655,"28,539,730.00",0,0
2013-03-31,51.25,52.5,50.75,52.25,"305,999",52.25,420,"15,775,144.25",0.5,0.97
2013-03-30,52,52.25,51.25,51.75,"456,129",51.75,520,"23,567,597.25",0,0
2013-03-27,51.75,52.25,50.75,51.75,"596,814",51.75,536,"30,915,567.75",0.5,0.98
2013-03-26,51.25,51.75,50.25,51.25,"592,560",51.25,429,"30,209,633.75",-0.75,-1.44
2013-03-25,51.25,52.25,51,52,"165,683",52,292,"8,564,293.00",0,0
2013-03-24,51.25,52.25,50,52,"485,516",52,560,"24,829,941.25",0.75,1.46
2013-03-23,54.75,54.75,51.25,51.25,"843,281",51.25,870,"45,072,297.00",-4,-7.24
2013-03-20,53.25,55.25,52.75,55.25,"1,653,512",55.25,"1,119","89,541,426.00",1.75,3.27
2013-03-19,53.25,54.25,51.75,53.5,"1,701,215",53.5,"1,672","90,310,005.25",0.25,0.47
2013-03-18,49.7,53.75,49.7,53.25,"1,019,874",53.25,951,"52,541,443.50",3.25,6.5
2013-03-17,50.2,50.75,49.8,50,"683,811",50,675,"34,469,252.50",0.2,0.4
2013-03-16,49.3,50.25,49,49.8,"321,203",49.8,344,"15,923,208.50",0.5,1.01
2013-03-13,49.3,50.75,49.2,49.3,"990,528",49.3,952,"49,279,341.50",0.1,0.2
2013-03-12,49.7,50,48.7,49.2,"497,772",49.2,560,"24,482,817.75",-0.5,-1.01
2013-03-11,50.75,52,49.7,49.7,"622,740",49.7,647,"31,659,740.25",-0.5,-1
2013-03-10,50.25,51.25,49.3,50.2,"685,274",50.2,810,"34,468,599.00",-1.55,-3
2013-03-09,49.8,52.5,49,51.75,"1,220,973",51.75,"1,268","61,998,018.75",1.75,3.5
2013-03-06,48.7,50,47.8,50,"547,832",50,684,"26,804,245.75",2,4.17
2013-03-05,52.25,53.25,47.2,48,"1,034,850",48,"1,135","50,870,360.75",-5,-9.43
2013-03-04,51.5,56.5,51.25,53,"1,747,653",53,"1,405","95,375,090.00",0.75,1.44
2013-03-03,52.25,52.25,50.75,52.25,"210,375",52.25,384,"10,822,213.00",-0.25,-0.48
2013-03-02,52.75,53.25,52.25,52.5,"197,223",52.5,296,"10,381,030.25",0,0
2013-02-27,51.75,53.25,50.75,52.5,"532,814",52.5,626,"27,686,788.50",-0.75,-1.41
2013-02-26,55.25,57.25,53.25,55,"1,232,441",55,"1,118","67,813,088.25",-0.25,-0.45
2013-02-25,50.2,55.25,50.2,55.25,"777,515",55.25,761,"41,053,687.25",5,9.95
2013-02-24,49.7,50.75,49.3,50.25,"556,442",50.25,550,"27,848,909.75",0.55,1.11
2013-02-23,49.7,50.75,49.2,49.7,"614,492",49.7,601,"30,583,948.75",-0.3,-0.6
2013-02-20,51.25,51.25,49.3,50,"262,274",50,408,"13,128,910.00",-1.5,-2.91
2013-02-19,50.2,51.75,48.8,51.5,"514,274",51.5,630,"25,840,232.75",0.5,0.98
2013-02-18,52,53,49.7,51,"755,762",51,730,"38,847,960.75",-3.25,-5.99
2013-02-17,56,57,54,54.25,"709,908",54.25,905,"39,511,872.50",-1.5,-2.69
2013-02-16,56.75,59.75,55.5,55.75,"1,346,250",55.75,"1,424","76,502,847.50",-4,-6.69
2013-02-13,61.25,61.25,56.25,59.75,"755,003",59.75,856,"44,235,402.25",-1.5,-2.45
2013-02-12,62,62.25,60.25,61.25,"557,937",61.25,756,"34,242,903.25",-0.75,-1.21
2013-02-11,60,62,59.5,62,"1,290,582",62,"1,038","77,782,271.50",1.75,2.9
2013-02-10,62.5,62.5,59.25,60.25,"1,490,948",60.25,"1,523","91,186,378.00",-2.5,-3.98
2013-02-09,63.25,63.25,62.25,62.75,"624,351",62.75,843,"39,206,005.50",-0.5,-0.79
2013-02-06,62.75,64,62.75,63.25,"798,830",63.25,"1,051","50,433,768.25",0,0
2013-02-05,62.75,64.25,62.5,63.25,"1,326,174",63.25,"1,503","83,860,515.50",-0.5,-0.78
2013-02-04,65.75,65.75,63,63.75,"1,491,545",63.75,"1,716","95,571,784.75",-2,-3.04
2013-02-03,64.25,66.75,64.25,65.75,"3,825,656",65.75,"3,117","251,851,770.25",2.5,3.95
2013-02-02,62.25,64.25,61.5,63.25,"1,869,437",63.25,"1,498","117,682,568.50",1,1.61
2013-01-30,61.75,65.5,61.25,62.25,"2,871,974",62.25,"2,136","181,949,752.25",0.5,0.81
2013-01-29,60.75,63,59.75,61.75,"1,952,220",61.75,"1,604","119,762,441.25",1.5,2.49
2013-01-28,61,63.75,59.25,60.25,"2,430,689",60.25,"2,041","151,796,599.50",-0.5,-0.82
2013-01-27,59.25,61.25,59,60.75,"2,315,324",60.75,"1,931","139,551,267.75",2,3.4
2013-01-26,53.25,53.75,51.75,53.25,"605,241",53.25,678,"32,052,805.50",-0.75,-1.39
2013-01-23,53.75,54.25,52.75,54,"992,252",54,"1,043","53,116,951.00",-0.5,-0.92
2013-01-22,54.5,55.25,53.5,54.5,"472,227",54.5,728,"25,672,563.00",-0.25,-0.46
2013-01-21,53.25,55.5,53.25,54.75,"854,871",54.75,877,"46,775,568.75",1,1.86
2013-01-20,52.75,54,51.75,53.75,"839,808",53.75,782,"44,540,822.00",1,1.9
2013-01-19,53,55,52.25,52.75,"1,463,819",52.75,"1,135","78,215,786.00",-1.75,-3.21
2013-01-16,50.75,54.75,50,54.5,"1,510,848",54.5,"1,079","80,541,392.50",3.5,6.86
2013-01-15,48.7,51.75,48.7,51,"796,971",51,770,"40,184,437.50",2.3,4.72
2013-01-14,50.2,51.25,48,48.7,"632,550",48.7,732,"31,185,747.50",-3.05,-5.89
2013-01-13,58.75,59.25,58,58.75,"1,335,395",58.75,"1,104","78,433,948.75",0.25,0.43
2013-01-12,58,58.75,57.5,58.5,"575,424",58.5,656,"33,426,631.00",0.5,0.86
2013-01-09,58,59,57.75,58,"1,348,110",58,"1,137","78,419,316.50",0,0
2013-01-08,57.25,59.5,56.75,58,"1,246,548",58,"1,022","72,278,661.00",0.25,0.43
2013-01-07,57,58.5,56.25,57.75,"744,626",57.75,590,"42,613,695.75",0,0
2013-01-06,56.25,58.25,55.75,57.75,"2,163,204",57.75,"1,140","123,439,978.25",0.75,1.32
2013-01-05,57.25,57.25,56.25,57,"464,952",57,478,"26,405,374.75",0.25,0.44
2013-01-02,54,55.75,51.25,51.75,"1,396,538",51.75,"1,322","75,109,143.50",-1,-1.9
2013-01-01,48,52.75,47.5,52.75,"1,603,338",52.75,"1,271","83,309,363.50",4.55,9.44
2012-12-31,49,51,47.3,48.2,"1,752,516",48.2,"1,422","85,232,827.25",-3.3,-6.41
2012-12-30,52.75,52.75,47.5,51.5,"2,435,054",51.5,"1,882","121,144,784.25",-1.25,-2.37
2012-12-29,51.25,53.75,50.75,52.75,"1,400,978",52.75,"1,199","73,589,044.00",1.25,2.43
2012-12-26,54.25,55,50,51.5,"1,226,402",51.5,"1,369","63,527,945.75",-2,-3.74
2012-12-25,51.25,56,51.25,53.5,"1,357,176",53.5,"1,427","72,846,699.25",2.25,4.39
2012-12-24,53.5,55.5,50,51.25,"1,134,546",51.25,"1,298","59,007,761.25",-3.75,-6.82
2012-12-23,57.75,58.75,54.75,55,"850,554",55,"1,068","47,909,026.50",-2,-3.51
2012-12-22,57.5,60.25,56.5,57,"1,367,948",57,"1,498","79,750,632.00",-1,-1.72
2012-12-19,61.5,61.75,56.75,58,"646,778",58,967,"39,160,469.00",-4.5,-7.2
2012-12-18,63.25,63.5,62.25,62.5,"887,426",62.5,"1,062","55,659,750.25",-0.5,-0.79
2012-12-17,63.25,63.75,62.25,63,"771,923",63,967,"48,533,068.75",-0.25,-0.4
2012-12-16,62,63.75,62,63.25,"277,547",63.25,356,"17,495,684.25",1,1.61
2012-12-15,62,64,61.5,62.25,"993,582",62.25,"1,163","62,508,136.25",0.25,0.4
2012-12-12,63.25,64.75,61.5,62,"1,072,887",62,"1,172","68,017,885.50",-2.25,-3.5
2012-12-11,62,64.5,60.75,64.25,"1,137,570",64.25,"1,466","70,658,609.50",2.5,4.05
2012-12-10,66.5,66.5,60.75,61.75,"546,702",61.75,"1,105","34,916,440.00",-5,-7.49
2012-12-09,67.5,67.5,66.25,66.75,"973,979",66.75,"1,233","65,045,662.50",-0.25,-0.37
2012-12-08,68.75,69,65.75,67,"1,226,142",67,"1,760","82,099,846.25",-1.75,-2.55
2012-12-05,69.75,70.75,67.25,68.75,"2,395,115",68.75,"2,392","164,454,984.25",-1.5,-2.14
2012-12-04,56.75,57.75,56,56.75,"750,885",56.75,584,"42,706,126.25",0,0
2012-12-03,57,57,56,56.75,"298,376",56.75,406,"16,876,165.00",-0.25,-0.44
2012-12-02,57.75,57.75,56.25,57,"362,295",57,411,"20,616,042.25",0.25,0.44
2012-12-01,56.75,57.75,56,56.75,"406,464",56.75,495,"23,124,226.00",0,0
2012-11-28,55.25,59.75,54.75,56.75,"1,532,273",56.75,"1,193","88,197,485.50",1,1.79
2012-11-27,54.75,56.25,53.75,55.75,"1,209,774",55.75,752,"66,777,032.75",0.75,1.36
2012-11-26,53.75,55,53.5,55,"561,764",55,543,"30,567,560.25",1.75,3.29
2012-11-25,52.5,54.25,52.5,53.25,"1,121,706",53.25,854,"60,273,496.00",1,1.91
2012-11-24,51.75,53.25,51.75,52.25,"577,793",52.25,461,"30,394,806.25",0.5,0.97
2012-11-21,52,52.5,51.5,51.75,"499,275",51.75,362,"25,971,239.00",-0.25,-0.48
2012-11-20,52.25,52.75,51.75,52,"401,765",52,417,"20,956,702.75",0.25,0.48
2012-11-19,51.5,53.5,51.25,51.75,"1,049,600",51.75,761,"54,772,244.50",0.25,0.49
2012-11-18,51.75,52,51.25,51.5,"1,090,127",51.5,739,"56,330,479.00",0,0
2012-11-17,51.5,52,51.25,51.5,"1,475,472",51.5,954,"75,929,161.75",0.25,0.49
2012-11-14,51.75,52,51.25,51.25,"224,685",51.25,343,"11,574,500.00",-0.5,-0.97
2012-11-13,52,52.25,51.75,51.75,"167,582",51.75,253,"8,703,925.00",-0.5,-0.96
2012-11-12,51.25,52.75,51.25,52.25,"504,848",52.25,568,"26,280,687.50",1,1.95
2012-11-11,51.75,52.75,51.25,51.25,"531,494",51.25,600,"27,521,250.25",-0.25,-0.49
2012-11-10,52.25,52.5,50.75,51.5,"694,773",51.5,490,"35,575,666.50",-0.5,-0.96
2012-11-07,53.75,54.25,52,52,"350,006",52,528,"18,500,349.25",-1.75,-3.26
2012-11-06,54.25,54.5,53.75,53.75,"382,275",53.75,552,"20,639,549.00",-0.5,-0.92
2012-11-05,54.75,55.25,53.25,54.25,"1,322,135",54.25,"1,326","71,655,150.75",-2,-3.56
2012-11-04,53.75,56.25,51.75,56.25,"1,852,833",56.25,"1,103","100,590,382.25",1,1.81
2012-11-03,52.25,55.25,52,55.25,"808,149",55.25,754,"43,562,021.50",3,5.74
2012-10-24,53,53.25,52.25,52.25,"278,000",52.25,261,"14,680,806.25",-0.5,-0.95
2012-10-23,52.75,53.25,52.25,52.75,"241,125",52.75,277,"12,724,461.25",0,0
2012-10-22,52.75,53.5,52.25,52.75,"464,400",52.75,403,"24,624,219.25",-1.5,-2.76
2012-10-21,51.75,54.25,51.25,54.25,"1,155,810",54.25,919,"61,405,592.75",1.75,3.33
2012-10-20,51.5,52.5,50.5,52.5,"319,596",52.5,391,"16,404,252.50",0.5,0.96
2012-10-17,53.25,53.25,51.75,52,"941,591",52,"1,043","49,396,579.75",-1.5,-2.8
2012-10-16,67.75,72,67.25,70.25,"2,551,857",70.25,"2,879","177,005,877.00",2.5,3.69
2012-10-15,67.25,68,66,67.75,"995,454",67.75,"1,236","66,916,106.75",0,0
2012-10-14,67.25,68.25,66.25,67.75,"942,995",67.75,"1,240","63,551,538.00",1,1.5
2012-10-13,70.25,70.75,65.5,66.75,"1,427,057",66.75,"1,690","97,042,949.75",-3.5,-4.98
2012-10-10,70.25,71.25,70,70.25,"874,977",70.25,"1,066","61,652,417.75",0,0
2012-10-09,72.75,72.75,70.25,70.25,"904,388",70.25,"1,406","64,266,780.50",-2,-2.77
2012-10-08,72.25,72.75,70.75,72.25,"2,074,769",72.25,"2,315","148,281,193.75",0,0
2012-10-07,74,75,71.5,72.25,"2,338,794",72.25,"1,930","169,493,796.25",-2,-2.69
2012-10-06,72.75,75.75,71.75,74.25,"2,687,237",74.25,"2,214","197,931,447.75",1,1.37
2012-10-03,73.25,74.25,71.5,73.25,"2,837,283",73.25,"2,481","207,216,634.50",2,2.81
2012-10-02,70.75,72.75,70.25,71.25,"1,575,803",71.25,"1,713","112,780,538.75",1,1.42
2012-10-01,70.25,72.25,69.25,70.25,"1,861,544",70.25,"1,870","131,572,640.00",0,0
2012-09-30,72,72.25,70,70.25,"1,436,708",70.25,"1,873","102,470,729.75",-2.25,-3.1
2012-09-29,72.75,74,71.25,72.5,"1,888,506",72.5,"2,157","137,464,807.00",0.5,0.69
2012-09-26,77.75,78.75,71.25,72,"3,779,978",72,"4,178","285,981,137.50",-5.5,-7.1
2012-09-25,70.25,77.5,70,77.5,"10,234,365",77.5,"8,376","773,860,139.75",7.25,10.32
2012-09-24,70.75,74,67.75,70.25,"3,593,687",70.25,"3,961","255,139,678.00",-0.5,-0.71
2012-09-22,70.25,73.25,69.75,70.75,"2,472,762",70.75,"3,086","177,020,806.75",1,1.43
2012-09-19,70.75,71,69.25,69.75,"1,398,026",69.75,"2,396","97,996,510.00",-1,-1.41
2012-09-18,72,72,70.75,70.75,"881,255",70.75,"1,447","62,799,870.00",-1.25,-1.74
2012-09-17,72.75,73,71,72,"1,382,658",72,"1,982","99,588,913.75",0.25,0.35
2012-09-16,69.25,75,68.75,71.75,"3,994,685",71.75,"4,479","289,080,078.75",2.5,3.61
2012-09-15,69.25,70,68,69.25,"872,531",69.25,"1,452","60,018,729.75",-0.25,-0.36
2012-09-12,69.25,70.75,68.75,69.5,"1,312,653",69.5,"1,795","91,753,144.50",0.25,0.36
2012-09-11,68.75,69.75,68.75,69.25,"620,373",69.25,"1,028","42,933,999.25",0.5,0.73
2012-09-10,68.25,69.25,67.75,68.75,"802,221",68.75,"1,242","55,082,949.50",1,1.48
2012-09-09,67.5,69.25,66.75,67.75,"1,144,160",67.75,"1,469","77,558,937.25",0.25,0.37
2012-09-08,66.75,68,66.75,67.5,"556,800",67.5,996,"37,518,490.00",0.5,0.75
2012-09-05,68.75,68.75,66,67,"519,425",67,995,"34,853,805.00",-1.25,-1.83
2012-09-04,69,69.5,67.75,68.25,"496,190",68.25,"1,006","34,050,079.00",-1,-1.44
2012-09-03,65.5,68.75,64.75,68,"2,948,378",68,"4,542","198,361,211.50",2.5,3.82
2012-09-02,65.25,67.75,63.5,65.5,"3,665,183",65.5,"5,568","240,814,434.25",1.75,2.75
2012-09-01,63.75,64.25,63,63.75,"1,312,532",63.75,"2,462","83,408,055.75",0.5,0.79
2012-08-29,60.75,64.75,60.25,63.25,"4,808,948",63.25,"6,393","301,873,201.75",2.5,4.12
2012-08-28,60,62.25,59.25,60.75,"3,365,654",60.75,"4,454","205,889,540.50",1,1.67
2012-08-27,58.75,60.25,58.75,59.75,"2,433,018",59.75,"3,528","144,856,742.75",2.75,4.82
2012-08-26,56,57.75,55.5,57,"826,044",57,"1,559","46,915,198.00",0.5,0.88
2012-08-25,56.75,58.75,56,56.5,"1,436,669",56.5,"2,259","82,213,358.00",-1.25,-2.16
2012-08-15,57.25,57.75,56.5,57.75,"492,731",57.75,903,"28,236,639.75",0.75,1.32
2012-08-14,58.75,59.25,55.75,57,"1,703,661",57,"2,525","98,104,857.75",0,0
2012-08-13,56,57.75,53.25,57,"1,800,882",57,"2,742","99,839,499.75",0.25,0.44
2012-08-12,58.75,60,56,56.75,"1,639,689",56.75,"2,313","95,791,990.75",-1.5,-2.58
2012-08-11,61.25,61.75,57.25,58.25,"1,360,190",58.25,"2,252","81,034,400.25",-4.5,-7.17
2012-08-08,62.75,65,60.75,62.75,"2,223,384",62.75,"3,320","140,921,124.75",0.5,0.8
2012-08-07,60.25,62.5,59.25,62.25,"805,700",62.25,"1,332","49,307,432.25",1.75,2.89
2012-08-06,58.75,62.75,56.75,60.5,"1,347,396",60.5,"2,544","80,420,190.00",-1,-1.63
2012-08-05,67,67.25,61.5,61.5,"1,934,406",61.5,"3,787","126,082,949.50",-6.75,-9.89
2012-08-04,66,70,64.75,68.25,"3,508,667",68.25,"5,119","237,159,416.25",1.5,2.25
2012-08-01,66.75,66.75,64,66.75,"2,218,191",66.75,"2,018","148,038,090.75",6,9.88
2012-07-31,60.75,60.75,60.75,60.75,"50,466",60.75,59,"3,070,015.00",5.5,9.95
2012-07-30,54,57.25,52.75,55.25,"1,208,325",55.25,"1,566","65,398,864.50",-0.25,-0.45
2012-07-29,56.75,60,53.25,55.5,"1,779,566",55.5,"2,719","100,420,029.25",-3.75,-6.33
2012-07-28,66,67,59.25,59.25,"1,687,610",59.25,"3,048","106,585,607.50",-6.5,-9.89
2012-07-25,66,69.25,64.5,65.75,"3,782,993",65.75,"5,760","251,964,610.75",1,1.54
2012-07-24,59.25,70,58.75,64.75,"2,036,699",64.75,"2,866","130,754,831.50",0,0
2012-07-23,69.25,70.75,64.75,64.75,"1,410,824",64.75,"2,355","94,104,823.25",-7.5,-10.38
2012-07-22,73,74.75,71.25,72.25,"680,034",72.25,"1,534","49,584,092.25",-0.5,-0.69
2012-07-21,70,74.75,70,72.75,"1,412,810",72.75,"2,763","102,243,473.50",0,0
2012-07-18,77,77,70.75,72.75,"1,587,435",72.75,"3,631","117,255,647.00",-4.25,-5.52
2012-07-17,75.75,77.75,73.75,77,"2,535,131",77,"4,526","193,862,092.50",4.25,5.84
2012-07-16,69.25,70.5,68.75,69.25,"629,591",69.25,995,"43,747,330.75",-0.5,-0.72
2012-07-15,69.75,70.25,68.75,69.75,"419,964",69.75,737,"29,180,837.25",-0.25,-0.36
2012-07-14,69.25,70,68.75,70,"482,058",70,816,"33,316,909.75",0.75,1.08
2012-07-11,70,70.75,68.5,69.25,"720,155",69.25,952,"49,993,002.00",-1.25,-1.77
2012-07-10,70.75,71.25,70,70.5,"781,712",70.5,847,"55,221,741.25",-0.75,-1.05
2012-07-09,71.25,72.25,70.75,71.25,"844,686",71.25,"1,240","60,338,334.50",0,0
2012-07-08,70,71.25,69.75,71.25,"954,375",71.25,"1,082","67,324,723.75",0,0
2012-07-07,72.75,73.25,71.25,71.25,"1,498,413",71.25,"1,643","108,440,499.00",-1,-1.38
2012-07-04,72,73,71.25,72.25,"828,290",72.25,"1,196","59,671,095.25",-0.25,-0.34
2012-07-03,70.25,73.25,69.5,72.5,"2,521,136",72.5,"2,667","180,756,264.25",2.25,3.2
2012-07-02,71.25,72.75,69.25,70.25,"1,745,430",70.25,"2,081","123,153,874.75",2.25,3.31
2012-07-01,68.75,69.25,67,68,"888,296",68,"1,198","60,288,986.75",-1,-1.45
2012-06-30,69,70.75,68,69,"1,520,039",69,"1,827","105,542,182.75",0.25,0.36
2012-06-27,67.5,69.25,67.25,68.75,"1,829,643",68.75,"2,025","125,074,038.00",1.25,1.85
2012-06-26,68.5,68.75,66.25,67.5,"1,433,019",67.5,"2,097","96,821,849.50",-0.5,-0.74
2012-06-25,66,68.5,65,68,"1,986,992",68,"2,493","133,604,843.25",2.75,4.21
2012-06-24,63.25,67,63.25,65.25,"1,367,708",65.25,"1,656","89,157,405.75",2,3.16
2012-06-23,65.75,66,63,63.25,"694,028",63.25,"1,200","44,641,519.75",-2.75,-4.17
2012-06-20,63.25,67.25,63.25,66,"2,170,775",66,"2,589","142,846,162.75",2.25,3.53
2012-06-19,65.25,65.75,63,63.75,"928,838",63.75,"1,488","59,387,545.25",-1.5,-2.3
2012-06-18,63.25,66,63.25,65.25,"1,530,462",65.25,"1,918","98,992,621.00",2.5,3.98
2012-06-17,62,63.25,60,62.75,"1,069,724",62.75,"1,556","66,128,881.50",1.5,2.45
2012-06-16,64.75,65.75,58.75,61.25,"1,856,295",61.25,"2,238","115,932,397.50",-3,-4.67
2012-06-13,67.25,67.25,63.25,64.25,"871,352",64.25,"1,427","57,256,442.75",-3.25,-4.81
2012-06-12,65.25,69.25,65.25,67.5,"1,487,307",67.5,"2,442","100,591,186.25",2.25,3.45
2012-06-11,61,65.75,61,65.25,"858,384",65.25,"1,165","54,456,146.50",4.25,6.97
2012-06-10,64.75,66,60,61,"1,992,212",61,"2,851","124,049,777.75",-5.75,-8.61
2012-06-09,69.25,71,63.25,66.75,"2,354,834",66.75,"3,225","160,848,884.25",-0.25,-0.37
2012-06-06,62.25,67,62.25,67,"1,392,780",67,"1,650","90,713,947.25",6,9.84
2012-06-05,58.25,68.5,58.25,61,"2,327,172",61,"3,336","151,292,775.50",-2.5,-3.94
2012-06-04,65.25,67.75,63.5,63.5,"1,395,273",63.5,"2,062","90,795,598.50",-7,-9.93
2012-06-03,76.25,76.25,68.75,70.5,"1,163,504",70.5,"2,425","83,908,382.25",-5,-6.62
2012-06-02,76,78.5,75.25,75.5,"1,343,484",75.5,"2,538","103,337,555.00",-0.75,-0.98
2012-05-30,78,80.75,75.25,76.25,"1,518,875",76.25,"2,779","118,591,191.25",-2.5,-3.17
2012-05-29,85.25,85.75,78.75,78.75,"2,058,012",78.75,"3,377","170,928,755.75",-5.75,-6.8
2012-05-28,80.5,86.25,80.25,84.5,"3,667,950",84.5,"5,176","304,651,937.75",4.75,5.96
2012-05-27,79.25,80,77.25,79.75,"1,130,306",79.75,"2,411","89,228,329.00",0,0
2012-05-26,80,82,78.25,79.75,"1,588,362",79.75,"2,861","127,042,517.25",-1.75,-2.15
2012-05-23,82.75,84,81.25,81.5,"2,776,400",81.5,"3,912","229,986,277.50",-1.5,-1.81
2012-05-22,83.5,84.25,81.25,83,"3,447,273",83,"4,951","285,642,124.75",0.25,0.3
2012-05-21,83.75,85.25,80,82.75,"2,430,654",82.75,"3,949","200,913,824.00",-0.75,-0.9
2012-05-20,81.75,87.25,80,83.5,"7,728,456",83.5,"9,368","651,744,328.50",2.75,3.41
2012-05-19,81.5,83.25,80.75,80.75,"2,813,795",80.75,"4,376","230,342,312.75",-0.25,-0.31
2012-05-16,80.75,82,78.75,81,"2,072,516",81,"3,281","166,348,596.50",-0.25,-0.31
2012-05-15,81,82.75,80,81.25,"1,816,799",81.25,"3,092","147,149,497.75",0.25,0.31
2012-05-14,80.75,84.25,80,81,"2,891,579",81,"4,443","237,402,280.00",0.25,0.31
2012-05-13,79.75,83,78.25,80.75,"2,864,546",80.75,"4,481","230,113,802.25",0.75,0.94
2012-05-12,79.25,83,78.75,80,"3,067,572",80,"5,410","248,267,764.50",-0.5,-0.62
2014-06-22,31.10,31.50,30.70,31.00,"374,146",31.00,282,"11,677,415.40",-0.07,-0.23
2014-06-22,31.10,31.50,30.70,31.00,"374,146",31.00,282,"11,677,415.40",-0.07,-0.23
2014-06-22,31.10,31.50,30.70,31.00,"374,146",31.00,282,"11,677,415.40",-0.07,-0.23
2014-06-29,30.30,30.30,29.60,30.01,"213,551",30.01,149,"6,400,552.60",-0.29,-0.96
2014-06-26,30.40,30.40,30.00,30.30,"185,895",30.30,206,"5,616,992.50",0.00,0.00
2014-06-25,30.60,30.80,30.30,30.30,"374,237",30.30,235,"11,398,389.20",-0.19,-0.62
2014-06-24,30.70,30.80,30.30,30.49,"359,993",30.49,264,"11,008,734.00",-0.31,-1.01
2014-06-23,30.80,31.10,29.90,30.80,"759,624",30.80,403,"22,986,351.80",-0.20,-0.65
2014-06-22,31.10,31.50,30.70,31.00,"374,146",31.00,282,"11,677,415.40",-0.07,-0.23
